link,published,author,series,rating,charnum,awardnum
/work/21214,(1897),by H. G. Wells,0,(3.53),18,6
/work/364,(1816),by Jane Austen,0,(4.07),69,19
/work/24434168,(2020),by Stephen Gaghan (Director),0,,10,1
/work/21623,(1903),by Jack London,0,(3.79),24,25
/work/831523,(1999),by Mark Burnell,1,(3.7),1,1
/work/23961085,(2019),by Andy Muschietti (Director),1,(2.33),23,1
/work/6664405,,by Hazel J. Hutchins,0,(3.08),1,1
/work/12550356,(2013),by Stephen King,1,(4.04),29,8
/work/2770499,(1868),by Louisa May Alcott,1,(4.01),10,30
/work/7765668,(2008),by Christine Leunens,0,(3.02),1,1
/work/24330284,,by Jake Kasdan (Director),1,(4.07),1,1
/work/24308,,by Stephen King,0,(3.76),7,10
/work/8099,,by Jonathan Lethem,0,(3.97),5,8
/work/13520191,(2013),by Donna Tartt,0,(3.94),22,16
/work/16848943,,by Nicholas Searle,0,(3.56),1,2
/work/23246960,(2019),by Dean DeBlois,1,(3.25),1,1
/work/7489,(1850),by Charles Dickens,0,(4.09),26,26
/work/4206105,(2008),by Garth Stein,0,(4.04),9,4
/work/11476261,(2012),by Maria Semple,0,(3.92),6,6
/work/15888266,,by Liu Cixin,0,(3.49),1,1
/work/13641500,(2013),by Robert Harris,0,(4.19),19,7
/work/1426913,(2007),by Steve Erickson,0,(4.01),1,2
/work/19438058,(2017),by W. Bruce Cameron,0,(4.11),3,1
/work/11100634,,by Harold Bloom,0,(3.67),1,1
/work/10966683,(2011),by Ernest Cline,1,(4.09),10,13
/work/13568479,(2013),by Jason Matthews,1,(3.82),9,3
/work/22466128,,"by Jon Turtletaub (Director), Steve Alten (Author), Dean Georgaris (Writer), Jon Hoeber (Writer)",0,(2.25),1,1
/work/14034594,,by Jeff VanderMeer,1,(3.69),3,7
/work/21740108,,by J. K. Rowling,1,(3.71),15,1
/work/11914965,,by E. L. James,1,(3.35),19,3
/work/10037,(1973),by John Bellairs,1,(3.95),7,9
/work/15101561,(2015),by Becky Albertalli,1,(4.22),5,15
/work/22781,,by Philip Reeve,1,(3.85),10,19
/work/10838342,,by James Dashner,1,(3.56),10,2
/work/12179686,,by Alexandra Bracken,1,(3.97),9,2
/work/22657514,,"by Rob Marshall (Director), David Magee (Screenwriter), P.L. Travers (Original book)",1,(3.95),7,1
/work/15888480,,by David Lagercrantz,1,(3.62),11,3
/work/21919175,,"by Eli Roth (Director), Joe Carnahan (Screenwriter)",1,(2.25),4,1
/work/18690995,,by Angie Thomas,1,(4.48),15,23
/work/22630180,,by Donovan Marsh (Director),0,(1),1,1
/work/4044,,by Madeleine L'Engle,1,(4.05),19,27
/work/7165,(1989),by Martin Amis,0,(3.7),3,5
/work/986361,(2006),by Lisa Klein,0,(3.58),6,2
/work/16018312,(2018),by Marc Forster (Director),0,(3.6),1,1
/work/76725,(1974),by James Baldwin,0,(4.12),16,3
/work/12538587,,by David Levithan,1,(3.91),25,20
/work/21658040,,by John Stevenson (Director),0,(4.17),1,1
/work/23000833,,by Vijay Krishna Acharya,0,,1,1
/work/508842,,by Jessica Abel,1,(3.5),3,1
/work/6248915,,by Dave Roberts,0,(4.3),1,1
/work/1489,(1986),by Stephen King,0,(4.07),35,18
/work/20822191,(2017),by Jake Kasdan (Director),1,(4.32),1,1
/work/2742,(1934),by Agatha Christie,1,(4.06),18,9
/work/15114888,,by Molly Bloom,0,(3.32),1,1
/work/11993910,,by R. J. Palacio,1,(4.48),9,63
/work/11716130,(2011),by E. L. James,1,(3.37),15,5
/work/26659140,,by Stephen Leather,0,,1,1
/work/12201399,(2012),"by Antony Johnston, Sam Hart (Illustrator)",1,(3.22),1,1
/work/9783887,,by Vince Flynn,1,(3.9),30,1
/work/6767489,(2007),by Jo Nesbø,1,(3.84),17,6
/work/5974,(2004),by Stephen King,1,(4.12),19,3
/work/7792054,(1854),by Henry David Thoreau,0,(3.89),1,2
/work/14149720,(2013),by Dave Eggers,0,(3.37),9,3
/work/14878336,(1971),"by Don Siegel (Director), John B. Sherry (Screenwriter)",0,(3.75),1,1
/work/19109177,,by Danny Boyle (Director),0,(3.42),1,1
/work/15602340,(2015),by Nicola Yoon,0,(3.94),1,11
/work/8465376,,by Lauren Oliver,0,(3.99),11,13
/work/9751253,(2010),by W. Bruce Cameron,1,(4.19),11,1
/work/14925100,(2014),by Jeff Kinney,1,(4.15),1,2
/work/3376637,(2008),"by William P. Young, William Paul Young (Author)",0,(3.43),8,4
/work/123153,(1999),by Deborah Moggach,0,(3.35),5,1
/work/20207602,,"by David Soren (Director), Rob Letterman (Director), Nicholas Stoller (Writer)",0,(3.88),1,1
/work/20320537,,"by Stacy Title (Director), Jonathan Penner (Writer)",0,(3),1,1
/work/27147,(1977),by Penelope Fitzgerald,0,(3.51),3,1
/work/11541974,,by J. M. Ledgard,0,(3.49),1,3
/work/20973947,,by Jason Hall (Director),0,(3),1,1
/work/19550613,,by Jonathan Mostow (Director),0,(2),1,1
/work/557783,(1973),by Joseph Joffo,1,(3.57),1,3
/work/18855841,,by Tom Ford (Director),0,(3.4),1,1
/work/10951114,,by Ransom Riggs,1,(3.7),24,9
/work/15083269,(2015),by Paula Hawkins,0,(3.63),14,19
/work/11686136,(2013),by Jojo Moyes,1,(4.12),16,4
/work/642676,(2001),"by J. K. Rowling, Newt Scamander",1,(3.68),2,1
/work/18533167,,by Duncan Jones,1,(3.55),1,1
/work/12326900,,by Dennis Lehane,1,(3.79),12,6
/work/13407344,(2013),by Dan Brown,1,(3.55),4,3
/work/18158403,,by David Yates (Director),0,(3.41),1,1
/work/1031302,(1966),by Shūsaku Endō,0,(4.02),4,9
/work/7653406,(2009),by Seth Grahame-Smith,1,(3.22),10,5
/work/2774556,(1894),by Rudyard Kipling,1,(3.92),18,2
/work/42881,(1964),by Dick Francis,0,(3.89),5,1
/work/19339608,,"by Christian Ditter (Director), Abby Kohn (Writer), Marc Silverstein (Writer)",0,,1,1
/work/13480915,,by Lee Child,1,(3.78),11,3
/work/777000,(1865),by Lewis Carroll,1,(4.12),32,5
/work/13135918,(2013),by Rick Yancey,1,(3.89),25,22
/work/11584289,,by Veronica Roth,1,(3.42),2,3
/work/12179054,(2012),by M. L. Stedman,0,(3.91),12,11
/work/12670700,,by Dave Eggers,0,(3.37),1,8
/work/3152,(1880),by Lew Wallace,0,(3.78),10,5
/work/18292352,,by Jean-François Richet (Director),0,(2),1,1
/work/12072317,(2012),by Ben Fountain,0,(3.9),1,15
/work/18534727,,by Cyrus Nowrasteh,0,(4),1,1
/work/26401247,,by Aditya Roy Kapoor,0,,1,1
/work/11347028,,by E. L. James,1,(2.94),14,4
/work/544652,,by R. L. Stine,1,(3.44),1,1
/work/825275,(2002),by Michael Punke,0,(3.77),20,1
/work/13265773,,by Andy Weir,1,(4.28),20,15
/work/9837747,(2010),by Emma Donoghue,0,(4.03),11,33
/work/9279041,,by Suzanne Collins,1,(3.91),38,8
/work/10930691,,by Kenneth Oppel,1,(3.83),6,12
/work/73690,(2000),by David Ebershoff,0,(3.69),3,6
/work/112217,(1952),by Patricia Highsmith,0,(3.83),9,2
/work/9448063,,by James Dashner,1,(3.71),8,4
/work/7636753,,by Colm Tóibín,0,(3.7),29,10
/work/17631774,,"by Jocelyn Moorhouse, P.J. Hogan (Screenwriter)",0,(4.14),1,1
/work/11657372,(2013),by Veronica Roth,1,(3.82),12,3
/work/5056952,(2008),by Marilynne Robinson,1,(3.99),9,13
/work/4104266,(2008),by Tom Rob Smith,1,(3.96),16,21
/work/23959,(2005),by Uzodinma Iweala,0,(3.62),22,10
/work/6252,(1911),by J. M. Barrie,1,(3.96),33,9
/work/17282402,,"by David Koepp, Eric Aronson (Writer)",0,(2),1,1
/work/9016933,,by Tiki Barber,0,(4.25),1,1
/work/12028167,,by Jesse Andrews,0,(3.55),18,11
/work/5105584,,by John Green,0,(3.89),21,22
/work/6752089,,by Gillian Flynn,0,(3.83),12,3
/work/141132,,by Phoebe Gloeckner,0,(4.01),1,1
/work/112326,(1975),by Robert C. O'Brien,0,(3.73),4,6
/work/501101,(1982),by Jean-Patrick Manchette,0,(3.72),1,1
/work/16794994,,by Nicholas Hytner (Director),0,(3.2),1,1
/work/211038,(2014),by Mitch Cullin,0,(3.52),1,1
/work/297872,(1996),"by Don Piper, Cecil Murphey",0,(3.5),6,1
/work/4196042,(2008),by Castle Freeman,0,(3.63),20,2
/work/6314,(1978),by Katherine Paterson,0,(3.86),9,22
/work/4303884,(2004),by Jiang Rong,0,(3.78),1,3
/work/11234211,,by Gillian Flynn,0,(3.86),21,23
/work/8206950,(2009),by James Dashner,1,(3.78),8,26
/work/8419505,(2004),by Hiroshi Sakurazaka,0,(3.81),2,1
/work/10261765,(2011),by Veronica Roth,1,(4.01),30,40
/work/3206242,(1937),by J. R. R. Tolkien,1,(4.27),39,30
/work/5659,,by Frank Miller,1,(3.89),2,3
/work/10151285,(2010),by Laura Hillenbrand,0,(4.44),14,17
/work/2936695,,by Richelle Mead,1,(4.01),7,5
/work/11456497,(2012),by John Green,0,(4.25),9,63
/work/6663533,,by Thomas Pynchon,0,(3.6),5,5
/work/16733444,(2014),by Paul King (Director),1,(3.6),1,1
/work/24565,(1992),by Lawrence Block,1,(3.94),5,1
/work/9726954,(1993),by Lois Lowry,1,(4.17),6,44
/work/474525,,by Bill Granger,1,(3.5),9,1
/work/15563333,(2014),by Dean DeBlois (Director/Screenwriter),1,(3.83),1,1
/work/71746,(1979),by Scott Spencer,0,(3.46),6,4
/work/8193712,(2004),by Joseph Delaney,1,(3.85),12,5
/work/8372575,(2009),by Jonathan Tropper,0,(3.84),19,3
/work/11107851,(2011),by Nicholas Sparks,0,(3.68),2,1
/work/4301018,(2007),by Lisa Genova,0,(4.24),8,3
/work/909,,"by Tim LaHaye, Angela Elwell Hunt, Jerry B. Jenkins",1,(3.35),10,4
/work/7250107,,by Gayle Forman,1,(3.88),10,24
/work/8202034,,by Zane,0,(3.8),7,1
/work/10650990,(2011),by S. J. Watson,0,(3.73),6,15
/work/9751827,(2008),by Richard C. Morais,0,(3.46),2,1
/work/1648144,,by Glendon Swarthout,0,(3.87),1,2
/work/7118,(1983),by Mark Helprin,0,(4),16,5
/work/5532612,(2008),by John Le Carré,0,(3.47),11,3
/work/5387906,(2008),by Ron Rash,0,(3.69),4,6
/work/16257939,(2014),"by Graham Annable (Director), Adam Pava (Writer), Anthony Stacchi (Director)",0,(3.69),1,1
/work/12501886,,by Paulo Lins,0,(4),1,1
/work/7372,(2005),by Nick Hornby,0,(3.46),8,2
/work/255302,(1961),by Patricia Highsmith,0,(3.52),3,1
/work/16953804,,by Jim Manera,1,(1),1,1
/work/8387740,(2009),by Philip Roth,0,(3.21),3,1
/work/614063,(1990),"by Katsuhiro Ōtomo, Katsuhiro Otomo",0,(4.05),1,1
/work/2964,(1925),"by F. Scott Fitzgerald, Jane Pauley (Narrator), Maria Tsaneva (Illustrator)",0,(3.86),18,43
/work/12444,(1974),by Stephen King,0,(3.73),8,10
/work/14675532,(1983),"by Jacques Lob, Jean-Marc Rochette (Illustrator)",1,(3.23),1,1
/work/14044,(2000),by Michel Faber,0,(3.73),6,5
/work/8662515,,by Suzanne Collins,1,(4.18),42,17
/work/6426432,(2006),by Max Brooks,0,(3.99),24,12
/work/331861,(1853),by Solomon Northup,0,(4.2),1,1
/work/8174366,,"by Kami Garcia, Margaret Stohl",1,(3.64),32,13
/work/10473301,,by Isaac Marion,1,(3.86),5,1
/work/825739,(1977),by Orson Scott Card,1,(4.31),25,23
/work/8024489,,by Cassandra Clare,1,(3.86),11,11
/work/17845441,,"by Gary Fleder (Director), Chuck Logan (Novel by), Sylvester Stallone (Screenwriter)",0,,1,1
/work/13945685,(2013),"by Sam Raimi (Director), Frank L. Baum (Author)",0,(3.25),1,1
/work/4451,(2003),by Dean Koontz,1,(3.99),11,1
/work/5773,,by Irvine Welsh,0,(3.54),6,1
/work/1491561,(2006),by Rick Riordan,1,(4.09),63,7
/work/8300098,,by Stephenie Meyer,1,(3.91),10,7
/work/83379,(2001),by Mario Puzo,0,(3.34),5,1
/work/16653791,,"by Taylor Hackford (Director), John J. McLaughlin (Screenwriter)",0,(4),1,1
/work/393681,(2005),by Markus Zusak,0,(4.36),12,41
/work/9798423,(2010),by Nicholas Sparks,0,(3.92),6,1
/work/5042460,,by Tim Tharp,0,(3.52),4,4
/work/25779,(2004),by Joseph Finder,0,(3.67),3,3
/work/3533838,(1964),"by Arkady Strugatsky, Boris Strugatsky",1,(3.76),28,5
/work/7789012,,by Jean Hanff Korelitz,0,(3.61),5,1
/work/23158,(2004),by Meg Rosoff,0,(3.77),7,16
/work/15002267,,by Jason Reitman,0,(3.5),1,1
/work/189051,(1986),by Noah Gordon,1,(4.17),1,3
/work/128319,(1978),by Elmore Leonard,0,(3.75),2,1
/work/16694812,,by Jean-Pierre Jeunet,0,(3.5),1,1
/work/187777,(1986),"by Robert Asprin (Editor), Lynn Abbey (Editor), Lynn Abbey (Editor), Lynn Abbey (Editor), Lynn Abbey (Editor)",1,(3.69),1,1
/work/25056928,,by Michael Sheen,0,,1,1
/work/189651,(1999),by Maxx Barry,0,(3.79),4,1
/work/293373,(1963),by Thomas B. Costain,0,(4.2),1,1
/work/3360,(1930),by William Faulkner,0,(3.89),17,16
/work/21738297,,by Mathias Malzieu,0,(3.5),1,1
/work/15043181,,by Lucía Puenzo,0,(3.71),1,1
/work/2168511,,by Tracy Leininger Craven,0,(4),1,1
/work/5418693,,by Langston Hughes,0,(4),1,1
/work/81137,(1898),by Knut Hamsun,0,(3.81),2,1
/work/4979986,,by Suzanne Collins,1,(4.32),30,73
/work/3654,(2004),by David Mitchell,0,(4.1),12,25
/work/13642818,,"by Bill Condon (Director), Melissa Rosenberg (Screenwriter)",1,(3.75),1,1
/work/19485,(1862),"by Victor Hugo, Victor Hugo, Victor Hugo",0,(4.27),27,25
/work/10482,,by Stephen Chbosky,0,(4.01),10,8
/work/156525,(2005),by Lee Child,1,(3.96),21,3
/work/8931199,(2010),by Seth Grahame-Smith,1,(3.56),29,1
/work/82902,(1912),by Edgar Rice Burroughs,1,(3.58),15,4
/work/183845,(1874),by Jules Verne,1,(3.92),10,6
/work/63662,(1983),by Susan Hill,0,(3.7),14,7
/work/5197633,(2001),by Yann Martel,0,(3.91),7,29
/work/5679254,,by Matt Bondurant,0,(3.47),4,1
/work/2340,(1877),"by Leo Tolstoy, George Gibian (Editor)",0,(4.15),39,32
/work/179668,,by Shirley Conran,0,(3.59),1,1
/work/13545750,,by Andrew Dominik,0,(2.1),1,1
/work/8789607,,by Jeff Kinney,1,(4.06),6,3
/work/5304078,(2008),by Nicholas Sparks,0,(3.86),8,1
/work/3207,(1957),by Jack Kerouac,0,(3.64),9,33
/work/971270,(2003),by Don DeLillo,0,(3.09),3,1
/work/41406,,by Pete Dexter,0,(3.76),6,3
/work/9759186,(1994),by Janet Evanovich,1,(3.88),4,6
/work/993429,(2006),by James Patterson,1,(3.64),5,1
/work/348044,(2005),by Angela Henry,1,(3.25),1,1
/work/19973,(1897),by Henry James,0,(3.38),2,2
/work/5529001,(2001),by Maya Ajmera,0,,1,1
/work/15079585,,by Mandoki,0,,1,1
/work/13186031,,by Stefano Sollima,0,(3),1,1
/work/1536,(1867),by Émile Zola,0,(3.77),8,6
/work/32388,(1782),by Pierre Choderlos de Laclos,0,(4.11),5,9
/work/4121,(2003),by Donald Miller,0,(3.91),1,1
/work/359702,(1836),by James Fenimore Cooper,0,(3.33),1,1
/work/3577382,,by J. K. Rowling,1,(4.42),67,29
/work/1541442,(2005),by Stieg Larsson,1,(4.02),15,19
/work/8891693,(2009),by Daniel H. Pink,0,(3.85),1,1
/work/21617,(2004),by Emily Giffin,1,(3.71),8,1
/work/8019757,(2009),by Kathryn Stockett,0,(4.36),15,23
/work/25501,,by Michael Connelly,1,(3.91),5,8
/work/11833808,(2011),by Rob Marshall (Director),1,(3.45),8,1
/work/9835425,,by Pittacus Lore,1,(3.58),9,7
/work/8282,(2003),by Lionel Shriver,0,(4.09),4,6
/work/1729243,(2007),"by Brian Selznick, Brian Selznick (Illustrator)",0,(4.3),9,36
/work/11623548,,by Neil Burger (Director),0,(3.5),1,1
/work/12336112,,by Bill Condon,1,(3.69),1,1
/work/8101931,(2009),by David Nicholls,0,(3.71),21,9
/work/17018398,,by Mark Mylod (Director),0,(2.5),2,1
/work/12053405,(2011),"by Guy Ritchie (Director), Kieran Mulroney (Screenwriter), Michele Mulroney (Screenwriter)",1,(3.44),2,1
/work/2499168,(2007),by Kaui Hart Hemmings,0,(3.86),1,2
/work/3745066,(1844),by Alexandre Dumas Père,1,(4.07),10,21
/work/501367,,"by L. Sprague de Camp, Lin Carter",1,(3.38),13,1
/work/8278,(2004),by Deborah Moggach,0,(3.4),16,1
/work/1391861,(2003),by Didier van Cauwelaert,0,(3.03),1,1
/work/4195814,,"by Antonia Bird (Director), Jimmy McGovern (Writer)",0,(3.75),1,1
/work/696577,(1982),by Michael Morpurgo,1,(4.02),6,6
/work/5145202,(2008),by Jeff Kinney,1,(4.06),4,4
/work/522063,(2006),by Sara Gruen,0,(4.07),12,10
/work/17039937,,by Thomas Bezucha (Director),0,(5),1,1
/work/5123,(2005),by Jonathan Safran Foer,0,(4.08),2,13
/work/5141188,(2007),by Alex Flinn,1,(3.71),4,9
/work/3313427,(1998),by Hunter S. Thompson,0,(3.73),6,1
/work/450587,,by Sir Ranulph Fiennes,0,(3.8),1,1
/work/10028,(1954),by Rosemary Sutcliff,1,(4.03),12,3
/work/33809,(1938),"by Richard Atwater, Florence Atwater",0,(3.87),4,5
/work/16647950,,"by Paul Johansson (Director), Ayn Rand (Author)",1,(3),1,1
/work/18132799,,"by Lee Tamahori (Director), Michael Thomas (Writer)",0,,1,1
/work/45618,(2003),by Tad Williams,0,(3.82),1,1
/work/9973,(2001),by Louis De Bernières,0,(3.67),3,1
/work/17840089,,by Giddens KO,0,,1,1
/work/20106,(2005),by Lisa See,0,(4.01),9,7
/work/3093980,,by Stephen Colbert,0,(3.76),1,4
/work/6215601,,by Larry Beinhart,0,(3.75),1,1
/work/23647,,by Viktor Pelevin,0,(3.65),1,3
/work/13697,(2003),by Dennis Lehane,0,(3.9),7,6
/work/11002467,(2010),"by David Fincher (Director), Ben Mezrich (Author), Aaron Sorkin (Screenwriter)",0,(3.44),1,1
/work/10787782,(2010),"by Ben Affleck (Director), Peter Craig (Screenwriter)",0,(3.17),1,1
/work/8288,(1865),by Lewis Carroll,1,(3.99),32,45
/work/3742863,(1968),by Charles Portis,0,(4.14),7,4
/work/662641,(2004),by John Ajvide Lindqvist,0,(4),17,11
/work/173670,(2006),by Rick Riordan,1,(4.08),51,51
/work/1642,(2003),by Cressida Cowell,1,(3.85),14,2
/work/8461488,(2007),by Stephenie Meyer,1,(3.82),32,7
/work/14038411,,by Jeff Kinney,1,(3.98),8,26
/work/1182720,(1952),by C. S. Lewis,1,(4.03),20,3
/work/7244,(2005),by Kazuo Ishiguro,0,(3.81),9,21
/work/3032091,,by Wendelin Van Draanen,0,(3.86),2,21
/work/654973,(2006),by Elizabeth Gilbert,0,(3.54),16,4
/work/325488,(2006),by Daniel Woodrell,0,(3.99),4,5
/work/337509,(2006),by Ned Vizzini,0,(3.96),17,5
/work/28852,(1877),by Henry James,0,(3.69),6,1
/work/1556319,(2006),by Nicholas Sparks,0,(3.73),7,2
/work/7251,(1979),by Philip Roth,1,(3.67),3,7
/work/34289,(1952),by Mary Norton,1,(3.89),3,7
/work/2236378,(1955),by Beverly Cleary,1,(3.93),4,1
/work/8221836,,by Nicholas Sparks,0,(3.99),2,3
/work/96135,(2003),by Kathryn Lasky,1,(3.77),2,4
/work/3373,(1726),by Jonathan Swift,0,(3.7),2,32
/work/9613388,(2010),by Paul Greengrass,0,(3.43),1,1
/work/151853,,by Nick McDonell,0,(3.13),1,1
/work/10544769,,"by Miguel Sapochnik (Director), Eric Garcia (Writer), Garrett Lerner (Writer)",0,(3.5),1,1
/work/358875,,by K. A. Applegate,1,(3.49),8,1
/work/2144,(1952),by Jim Thompson,0,(3.9),10,5
/work/4967722,(2004),by Ben Sherwood,0,(3.77),3,1
/work/112269,(1993),by John Marsden,1,(4.06),8,13
/work/29158,(1997),by Mordecai Richler,0,(4.04),2,10
/work/8301585,(2001),by Ken Bruen,0,(3.87),7,1
/work/17026649,,by Daniel Grou,0,(2),1,1
/work/7137,(1938),by Graham Greene,0,(3.72),4,8
/work/1629281,(2005),by John van de Ruit,1,(3.83),5,2
/work/11584344,,by Jim Loach,0,(4.38),1,1
/work/71572,,by Jonathan Ames,0,(3.65),1,1
/work/6905762,(1985),by Philip K. Dick,1,(3.62),4,1
/work/12730,,by Timothy B. Tyson,0,(4.27),4,2
/work/7499542,(2008),by Sally Nicholls,0,(4.22),1,10
/work/11338868,,by Laure Charpentier,0,,1,1
/work/4183,(2002),by Neil Gaiman,0,(3.99),11,31
/work/7233,(1986),"by Alan Moore (Writer), Dave Gibbons (Illustrator)",1,(4.32),53,20
/work/1133624,(2005),by J. K. Rowling,1,(4.36),49,16
/work/6446,(1970),by Roald Dahl,0,(3.91),5,6
/work/24420,(1930),by Sir Arthur Conan Doyle,1,(4.43),7,4
/work/4931,(2002),by Alice Sebold,0,(3.7),17,31
/work/1116874,(2000),by Dan Brown,1,(3.64),7,5
/work/9734509,(2009),"by Ron Clements (Director & Screenplay), John Musker, John Musker (Director & Screenplay)",1,(3.83),26,1
/work/2299193,(2006),by Stephenie Meyer,1,(3.66),37,11
/work/1222607,(2006),by Cormac McCarthy,0,(4.06),6,28
/work/108871,(2001),by Walter Kirn,0,(3.02),1,3
/work/8816389,,by Eduardo Sacheri,0,(4.16),2,1
/work/13513155,,by James Wong (Director),0,(4),1,1
/work/15811928,,"by Scott Cooper (Director), Eric Brenner (Director)",0,(3.5),1,1
/work/96993,(1964),by Christopher Isherwood,0,(4.05),6,3
/work/12466,(2004),by Jodi Picoult,0,(3.98),7,16
/work/124712,,by Sapphire,1,(3.82),1,7
/work/220546,(2000),by Darren Shan,1,(3.73),4,6
/work/3067,,by Audrey Niffenegger,0,(4.1),16,22
/work/8905701,,"by Andy Fickman (Director), Matt Lopez (Writer)",0,(3.25),1,1
/work/1549,(1843),by Charles Dickens,1,(4.09),14,20
/work/357343,(1973),by John Godey,0,(3.49),1,1
/work/2361677,(2007),by Larry Doyle,0,(3.5),7,3
/work/3416802,,by Shauna Cross,0,(3.63),20,3
/work/252517,(2000),by Kurt Eichenwald,0,(3.89),1,4
/work/27244,(1993),"by C. D. Payne, C. D. Payne",1,(4.05),19,1
/work/8461381,,by Kate Brian,1,(4.33),1,1
/work/1221112,(1971),by Lois Duncan,1,(3.84),3,1
/work/101906,(1920),by Colette,1,(3.93),5,1
/work/9365859,,by Tom Hooper,0,(3.5),1,1
/work/413541,(1990),by Jay Parini,0,(3.56),2,1
/work/39225,(1998),by Paulo Coelho,0,(3.6),5,2
/work/3288326,,by Rachael O'Neill,0,,1,1
/work/4867294,,by Mother Mary Francis,0,(5),1,1
/work/919616,(1982),by Dennis Etchison,0,(3.76),1,2
/work/177342,,by Peter Cameron,0,(3.67),1,2
/work/43350,(2002),by Barry Eisler,1,(3.8),1,1
/work/1766008,,by T. D. Jakes,0,(3.86),1,1
/work/171179,(1962),by Patricia Highsmith,0,(3.71),1,1
/work/563222,(1995),by Thomas Eidson,0,(3.57),1,1
/work/192404,(1835),by Nikolai Gogol,0,(3.8),5,2
/work/1187333,,by Karen Kingsbury,0,(4.08),1,1
/work/38190,(2002),by Eugene H. Peterson,1,(4.31),67,2
/work/8384326,(2005),by Stephenie Meyer,1,(3.74),22,40
/work/383608,(2006),by John Boyne,0,(3.97),9,14
/work/4682,(1995),by Bernhard Schlink,0,(3.7),5,15
/work/2346653,,by David Ignatius,0,(3.64),1,1
/work/23084,(1992),by Steven Gould,1,(3.86),4,4
/work/146723,(2005),by Vikas Swarup,0,(3.88),12,10
/work/10122,(1961),by Richard Yates,0,(4.03),7,5
/work/689300,,by Scott Smith,0,(3.37),7,5
/work/41564,(1864),by Jules Verne,1,(3.72),5,11
/work/6954108,(1951),by C. S. Lewis,1,(3.87),20,3
/work/5168,(2001),by Philippa Gregory,1,(3.95),11,4
/work/5750396,(2008),"by Mark Waters (Director), David Berenbaum (Screenwriter), Karey Kirkpatrick (Screenwriter), John Sayles (Screenwriter)",1,(3.39),5,1
/work/1653,(2003),by Cornelia Funke,1,(3.92),11,25
/work/36181,,by Jeanne DuPrau,1,(3.86),7,32
/work/3773276,(1995),by José Saramago,1,(4.07),8,6
/work/12193670,,by Bruce McDonald,0,(3.33),1,1
/work/74050,(2005),by Robert B. Parker,1,(3.77),4,1
/work/8048450,,by Mathieu Kassovitz,0,(2.75),1,1
/work/989447,(2006),"by Rachel Cohn, David Levithan",0,(3.78),10,10
/work/16696178,,by Eric Valette (Director),0,(1),1,1
/work/4441,(2002),by Nicholas Sparks,0,(3.53),3,1
/work/5173,,by Anita Diamant,0,(4.03),33,5
/work/134450,(1999),by Wendy Orr,1,(3.86),7,1
/work/803330,(2006),"by Frank Peretti, Ted Dekker",0,(3.39),9,1
/work/22550,(1945),by Evelyn Waugh,0,(4.04),6,22
/work/3045,(2002),by Sue Monk Kidd,0,(3.91),15,15
/work/1099256,(2007),by Ann Brashares,1,(3.73),11,2
/work/6953,(2003),by Kate DiCamillo,0,(4.09),9,41
/work/7205,(1994),by Bret Easton Ellis,0,(3.19),1,1
/work/57090,(2003),by Guillermo Martínez,0,(3.19),8,2
/work/51421,(1946),by Elizabeth Goudge,0,(4.1),14,5
/work/4968372,(2008),by Aleksandar Hemon,0,(3.52),8,11
/work/18216,(2001),by Philip Roth,1,(3.54),5,2
/work/227182,,by Robert Kaplow,0,(3.42),2,3
/work/119465,(2002),by James McBride,0,(3.57),8,1
/work/20214,(1995),by Jim Grimsley,0,(4),9,3
/work/349482,(1969),by Yoram Kaniuk,0,(2.94),1,1
/work/14363225,,"by Gordon Chan, Andy Wing-Keung Chin (Director), Danny Ko (Director)",0,(5),1,1
/work/11320756,,by Rosamund Lupton,0,(3.77),4,2
/work/3481,(1999),by J. M. Coetzee,0,(3.85),5,16
/work/43421,,by Guanzhong Luo,0,(4.09),12,3
/work/4913140,,by Guilherme Fiúza,0,(2),1,1
/work/407281,,by Esther Wilkin,0,(5),1,1
/work/1278360,,by Mary Beth Sullivan,0,(3.33),1,2
/work/379542,(1939),by Sándor Márai,0,(3.61),2,1
/work/1133041,,by Caio Fernando Abreu,0,(4.17),1,1
/work/19819436,,by Jeff Kinney,1,,1,1
/work/7137579,(2005),by Cormac McCarthy,0,(4.02),5,11
/work/115,(2003),by J. K. Rowling,1,(4.28),49,22
/work/258668,(1927),by Upton Sinclair,0,(3.57),11,2
/work/3574878,(1998),by Neil Gaiman,0,(4.02),20,7
/work/232669,,by Stephen King,1,(3.83),5,2
/work/819161,(1954),by Richard Matheson,0,(3.97),21,13
/work/7732,(1993),by Stephen Hunter,1,(4.08),1,1
/work/38008,(1998),by Dennis Lehane,1,(3.97),9,6
/work/3261,(1995),by Philip Pullman,1,(4.08),80,32
/work/4319128,,"by Chris Miller (Director), Raman Hui (Co-director), Chris Miller (Screenwriter), Jeffrey Price (Screenwriter), Peter S. Seaman (Screenwriter) — 1 more, Aron Warner (Screenwriter)",1,(3.46),19,1
/work/4131,,by Katherine Paterson,0,(4.02),5,21
/work/20684666,(2018),by Peadar Ó Guilín,1,(3.7),1,1
/work/31895,(1990),by Robert Ludlum,1,(3.59),6,2
/work/168286,(1983),by Ron Hansen,0,(3.76),3,1
/work/1806474,(2006),by Michael Crichton,0,(3.24),9,2
/work/21866,(2003),by George Crile,0,(4.05),9,4
/work/1629853,(2006),by Thomas Harris,1,(3.16),5,2
/work/247027,,by Shar Rednour,1,(3.67),1,1
/work/129706,(1990),by William Joyce,0,(3.84),9,1
/work/287212,(2002),by Valerio Massimo Manfredi,0,(3.4),1,1
/work/5276341,(2003),by Khaled Hosseini,0,(4.2),9,23
/work/16729308,,by James Wan (Director),0,(4),1,1
/work/21637,,"by Emma McLaughlin, Nicola Kraus (Author)",1,(3.21),4,1
/work/5864554,,by Jay Russell,0,(3),1,1
/work/16181,(1997),by Annette Curtis Klause,0,(3.72),23,12
/work/4290062,(1973),by Susan Cooper,1,(4.12),17,13
/work/71547,,by John Burnham Schwartz,1,(3.4),1,1
/work/10105,(1985),by Gabriel García Márquez,0,(3.96),12,21
/work/11008973,,by Catherine Breillat,0,(2.5),1,1
/work/12848902,,by Vadim Perelman (Director),0,(2),1,1
/work/28615,(1997),by Don Winslow,0,(3.75),2,2
/work/1205640,(2006),by Blake Nelson,0,(3.68),6,1
/work/4366373,(1976),by Mircea Eliade,0,(3.4),1,1
/work/18143,(1996),by Alessandro Baricco,0,(3.81),5,3
/work/17239217,,by Joe Clifford,1,(4.1),1,1
/work/81719,,by David Gerrold,0,(3.79),2,1
/work/42558,(1990),by Elinor Lipman,0,(3.53),3,1
/work/17911,(1996),by Anne Michaels,0,(3.77),7,14
/work/8191026,,"by Ira Sachs (Director), Oren Moverman (Screenwriter)",0,(0.5),1,1
/work/1183683,(1998),by Maureen Medved,0,(4),4,1
/work/150649,,by Francine Rivers,0,(4.03),4,1
/work/23107,(1926),by Ernest Hemingway,0,(3.77),11,19
/work/10418450,,by Lynn Roth [director],0,(4.5),1,1
/work/3915047,(2005),by Ron Leshem,0,(4.16),24,3
/work/7815312,,by Seiichi Morimura,1,,1,1
/work/214496,,by Brad Smith,0,(4.67),1,1
/work/335871,,by Matt Cohen,0,(3.5),1,1
/work/10278493,,by Sinistrari d'Ameno,0,,1,1
/work/1522819,,by mcskimminggeoffrey,1,(3.83),1,1
/work/2612458,(1953),by Ian Fleming,1,(3.53),25,6
/work/18416,(1995),by Christopher Priest,0,(3.81),5,7
/work/14944,(1992),by P.D. James,0,(3.57),2,8
/work/3123767,(2003),by Dan Brown,1,(3.53),9,22
/work/5661,(2004),by Peter Mayle,0,(3.53),9,1
/work/10284,(2003),by Lauren Weisberger,1,(3.33),20,4
/work/36980,(1985),by Patrick Süskind,0,(3.95),11,21
/work/26899,(2004),by Tom Perrotta,0,(3.64),19,4
/work/404772,(1932),by Stefan Zweig,0,(3.99),9,3
/work/24623,(1987),by James Ellroy,1,(3.62),13,3
/work/15674383,,by Alastair Reynolds,1,(3.63),9,1
/work/6518,(2002),by Christopher Paolini,1,(3.69),23,33
/work/45518,(2001),by Alice Hoffman,1,(3.3),6,1
/work/1590,(1952),by E. B. White,0,(4.21),10,31
/work/16566,(1977),by Philip K. Dick,0,(3.97),21,6
/work/39176,(2003),"by Tsugumi Ohba, Takeshi Obata (Illustrator)",1,(4.18),7,6
/work/94034,(2003),by Zoë Heller,0,(3.63),6,3
/work/51070,(1925),by W. Somerset Maugham,0,(3.94),7,3
/work/29580,,by Istvan Banyai,0,(4.35),1,4
/work/3291119,,by Luc Besson,0,(3),1,1
/work/35392,(1946),by Robert Penn Warren,0,(4.12),5,21
/work/223464,,by Gerald Petievich,0,(2.25),1,1
/work/3015,(2003),by Jhumpa Lahiri,0,(3.91),12,7
/work/121676,(1980),by Dan Millman,1,(3.8),3,1
/work/123835,(2002),by Carl Hiaasen,0,(3.79),15,27
/work/14443744,,by Robert Hamer,0,(4),1,1
/work/76686,(1998),by Richard Price,1,(3.54),3,1
/work/13911,(2000),by Armistead Maupin,0,(3.53),5,1
/work/19746,(2001),by Joseph Kanon,0,(3.6),1,1
/work/33824,(1941),by Mary O'Hara,1,(3.83),1,1
/work/136576,(2003),"by Tommy Tenney, Mark Olsen",1,(3.84),1,1
/work/9576421,,"by Timur Bekmambetov, Sergey Lukyanenko (Writer)",1,(3.92),1,1
/work/31521,(1973),by Thomas Rockwell,1,(3.61),6,11
/work/3320466,(1993),by James Redfield,1,(3.17),26,2
/work/10577462,,by Q. Allan Brocka,0,,1,1
/work/124419,,by Ted Dekker,0,(3.85),1,4
/work/124428,(1983),by Janette Oke,1,(4.06),4,1
/work/1778473,,by Lourenço Mutarelli,0,(4.1),1,1
/work/4549993,,by Frank S. Smythe,0,(2.5),1,1
/work/28768,(2000),by Gil Courtemanche,0,(3.93),2,4
/work/156820,(2001),by Mo Hayder,1,(3.72),3,1
/work/12349,(1886),by Robert Louis Stevenson,0,(3.73),10,20
/work/5263983,(2003),by Yoko Ogawa,0,(3.98),3,4
/work/232884,,by Howard Frank Mosher,0,(3.93),1,1
/work/113,(2000),by J. K. Rowling,1,(4.36),49,25
/work/2773690,(1813),"by Jane Austen, Jane Austen (Author)",0,(4.4),37,42
/work/1588,,by Roald Dahl,1,(4.1),25,15
/work/1182675,(1950),by C. S. Lewis,1,(4.1),15,21
/work/60656,(1977),by Jay Anson,1,(3.26),7,4
/work/11494,(1898),by H. G. Wells,0,(3.75),12,22
/work/9769294,,by Stephanie Tyler,1,(3.89),2,1
/work/2492277,(1979),by Douglas Adams,1,(4.21),18,25
/work/2704,(1997),by Arthur Golden,0,(4),1,5
/work/7053890,,by Shane Black,0,(4.25),2,1
/work/1412367,(2005),by Kirk Jones (Director),1,(3.71),1,1
/work/23110,,by Christopher Buckley,0,(3.86),6,1
/work/4816,(2001),by John le Carré,0,(3.6),5,5
/work/71670,(1996),by Koji Suzuki,0,(3.61),1,1
/work/12482,,by Ann Brashares,1,(3.78),12,23
/work/505154,(1960),by Brian W. Aldiss,0,(2.66),9,1
/work/1386651,(1968),by J. R. R. Tolkien,1,(4.52),270,58
/work/1182459,(1992),by Clive Cussler,1,(3.68),17,2
/work/8114400,,"by Raja Gosnell (Director), Ron Burch (Writer), Madelyn Davis (Writer)",0,(3),1,1
/work/33070,(1948),"by Frank B. Gilbreth Jr., Ernestine Gilbreth Carey (Author)",1,(4),36,2
/work/213024,(2000),by Marc Levy,1,(3.18),4,6
/work/23044,(1999),by Elmore Leonard,1,(3.29),3,1
/work/16141994,,"by Grosset and Dunlap, Scott Foresman",1,(4.11),1,1
/work/2586,(2001),by Robert Crais,0,(3.68),9,3
/work/5772,(1992),by Nick Hornby,0,(3.64),1,1
/work/1577,,by Kate DiCamillo,0,(4.15),8,59
/work/2215,(1838),by Charles Dickens,0,(3.83),49,16
/work/75886,,by Rupert Holmes,0,(3.56),1,1
/work/35359,,by Claire Cook,0,(3.34),1,1
/work/558232,,by Mitch Cullin,0,(3.48),5,1
/work/11346514,,by Courtney Solomon,0,(3.17),1,1
/work/840,(2002),by Jonathan Safran Foer,0,(3.86),8,19
/work/3038782,,by Mike Mills (Director),0,(4),1,1
/work/23065,(1975),by Charles Bukowski,0,(3.83),1,1
/work/6535760,,"by Harold Ramis (Director), Robert Benton (Screenwriter), Richard Russo (Screenwriter)",0,(3.5),1,1
/work/105214,(1980),by Athol Fugard,0,(3.73),4,1
/work/8384455,(2005),by Hark Tsui (Director),0,(3.5),1,1
/work/2361,,by Myla Goldberg,0,(3.51),4,9
/work/19523,(1971),by Elizabeth Taylor,0,(4.08),6,4
/work/2880,,by Maeve Binchy,0,(3.65),5,3
/work/631824,(1971),by Bernard Malamud,0,(3.42),3,1
/work/17078885,,by Sterling Van Wagenen (Director),1,,1,1
/work/582643,(1999),by Boris Akunin,1,(3.96),2,1
/work/5042572,,by Wang Anyi,0,(4),1,1
/work/2071522,,by Harutoshi Fukui,0,(5),1,1
/work/63568,(2000),by Adèle Geras,1,(3.59),14,14
/work/2742161,(1999),by J. K. Rowling,1,(4.4),37,37
/work/435532,(2004),"by Stephen Sommers (Director, screenwriter)",0,(3.52),17,2
/work/474221,,by A. J. Quinnell,1,(4.02),4,2
/work/19751569,(1996),by Nicholas Sparks,1,(3.77),2,4
/work/8144098,(1986),by Diana Wynne Jones,1,(4.29),27,9
/work/12502,(1910),by Gaston Leroux,0,(3.76),52,3
/work/1748,(1999),by Lemony Snicket,1,(3.7),15,13
/work/8696187,,by Stephen King,1,(3.85),2,1
/work/2848470,(2004),by Renny Harlin,1,(2.38),1,1
/work/5196084,(1950),by Isaac Asimov,1,(3.98),41,11
/work/27987,(2004),by Rex Pickett,1,(3.85),2,1
/work/21622,(1986),by Robert Ludlum,1,(3.69),4,1
/work/3992264,(1964),by Elleston Trevor,0,(3.91),1,1
/work/74629,,by Michael Pye,0,(2.47),1,1
/work/6378,(1997),by Gail Carson Levine,1,(4.09),9,32
/work/12989,(1959),by Richard Condon,0,(3.69),16,4
/work/5708,(1999),by Helen Fielding,1,(3.37),30,3
/work/4156037,,"by Garry Marshall (Director), Meg Cabot (Original book)",1,(3.53),1,1
/work/861116,(2001),by John Grisham,0,(3.29),11,2
/work/31129,,by Jules Verne,1,(3.82),15,15
/work/45136,(1972),by Ira Levin,0,(3.6),2,1
/work/71874,(1991),by Sébastien Japrisot,0,(3.99),10,1
/work/87340,,by Dyan Sheldon,1,(3.37),2,4
/work/10168,(1847),by William Makepeace Thackeray,0,(3.88),9,23
/work/732079,(1998),by Sergei Lukyanenko,1,(3.88),15,5
/work/4936,(1973),by William Goldman,0,(4.27),15,3
/work/2311,(1998),by John Irving,0,(3.69),7,2
/work/2725913,,by Mike Mitchell,0,,1,1
/work/123771,(1969),by Elmore Leonard,1,(3.49),3,1
/work/3779194,(1902),by E. Nesbit,1,(3.89),7,4
/work/4286751,(1937),by W. Somerset Maugham,0,(3.75),1,1
/work/15669521,(2015),by Lisa Jackson,1,(3.8),42,1
/work/13114,(1990),by Michael Cunningham,0,(3.75),7,4
/work/187363,(1972),by Maurice Gee,0,(3.98),1,1
/work/98513,,by Gerald N. Lund,1,(4.13),1,1
/work/25867,(1927),by Thornton Wilder,0,(3.79),7,11
/work/2254626,,by Robert Farrell Smith,0,(3.83),1,1
/work/283438,(1991),by Clyde Edgerton,0,(3.34),5,1
/work/8053033,,by Jennie Bentley,1,(3.65),4,1
/work/19061895,,by Richard Ciupka,0,,1,1
/work/72154,(1989),by Danielle Steel,0,(3.49),1,1
/work/19061841,,by Érik Canuel,0,,1,1
/work/25932475,,by Kaoru Takamura,0,(4),1,1
/work/3203356,(1955),by J. R. R. Tolkien,1,(4.47),164,4
/work/419862,(1988),by Gilbert Adair,0,(3.35),3,1
/work/13576,(2001),by Dennis Lehane,0,(4.06),3,15
/work/191408,,by Daniel Wallace,0,(3.52),6,1
/work/7918,(2001),"by Alan Moore, Kevin O'Neill (Illustrator)",1,(3.9),55,6
/work/6621,(1969),by Patrick O'Brian,1,(3.98),16,8
/work/2421,(1997),by Charles Frazier,0,(3.82),5,20
/work/1638,(1998),by Louis Sachar,1,(4.07),18,33
/work/6999,(2001),by Stephen King,0,(3.33),6,2
/work/59888,(1972),by Mary Rodgers,1,(3.63),4,7
/work/450701,(1990),by Lauran Paine,0,(3.6),1,1
/work/132896,(2000),by Susanna Moore,0,(3.15),6,1
/work/318194,,"by Ron Howard, Thomas Eidson (Writer)",0,(3.2),1,1
/work/8362,(1999),by Michael Crichton,0,(3.54),7,4
/work/8196,(1996),by Frances Mayes,1,(3.53),1,1
/work/249233,(2002),"by Eric Garcia, Ted Griffin (Screenwriter)",0,(3.55),1,1
/work/4323,,by Andre Dubus III,0,(3.74),4,7
/work/18249,(2000),by Philip Roth,1,(3.85),5,17
/work/3659,(1996),by John Grisham,0,(3.66),1,4
/work/4300,,by Jeff Shaara,1,(3.88),7,2
/work/171336,(1957),by Alexander Trocchi,0,(3.84),1,1
/work/11577,,by Glen Morgan,0,,1,1
/work/7288,(1948),by Dodie Smith,0,(4.11),12,8
/work/71596,(1984),by Brian Moore,0,(3.62),1,1
/work/16702962,(2003),"by Steve Trenbirth (Director), Karl Geurs (Screenwriter), Roger S. H. Schulman (Writer), Evan Spiliotopoulos (Writer)",1,(3),1,1
/work/28377,(1999),by Dráuzio Varella,0,(4.09),1,1
/work/15659,(1998),by Sarah Dessen,0,(3.85),1,6
/work/5091462,,by John Hoffman,0,(3.5),1,1
/work/9802440,(2001),by Frank Peretti,1,(3.66),18,2
/work/214511,(2000),by Michel Quint,0,(3.85),5,1
/work/23852816,,by Robert C Bowden,0,,1,1
/work/11404,,by David Gemmell,1,(3.83),1,1
/work/683408,(1998),by J. K. Rowling,1,(4.17),33,28
/work/53329,(1980),"by Frank W. Abagnale, Redding. Stan (Author)",0,(3.8),2,1
/work/38023,(1991),by Koji Suzuki,1,(3.65),5,4
/work/3203350,(1954),by J. R. R. Tolkien,1,(4.39),87,1
/work/3449,(1985),by Anne Rice,1,(3.9),8,2
/work/5882,(1981),by Thomas Harris,1,(3.82),5,10
/work/3728592,(1844),by Alexandre Dumas père,0,(4.32),27,23
/work/4805,(1980),by Robert Ludlum,1,(3.84),7,5
/work/935,,"by Max Allan Collins, Richard Piers Rayner (Illustrator)",1,(3.64),6,1
/work/49674,(1993),"by Harold G. Moore, Joseph L. Galloway",0,(4.1),1,2
/work/8405130,(1999),by Nicholas Sparks,0,(3.84),2,5
/work/7679887,,"by Chris Tait (Adaptor), Lucy Corvino (Illustrator), Robert Louis Stevenson",1,(3.82),1,1
/work/24490,(1991),by Tom Clancy,1,(3.74),1,1
/work/6954,(1895),"by H. G. Wells, H. G. Wells (Original Author)",0,(3.73),10,18
/work/2314,(1998),by Nick Hornby,0,(3.74),5,2
/work/5163,(1998),by Michael Cunningham,0,(3.92),37,17
/work/317742,(2002),"by Spike Jonze (Director), Charlie Kaufman (Screenwriter)",0,(3.55),1,1
/work/171020,(1999),by Nicci French,0,(3.4),8,1
/work/5906493,,"by Spike Lee (Director), David Benioff (Screenwriter)",0,(3.94),1,1
/work/5483017,,"by Richard Gere, Richard Hatem (Screenwriter)",0,(3.75),1,1
/work/1698158,(1987),by Bret Easton Ellis,0,(3.6),39,1
/work/18415,(1961),by Stanisław Lem,0,(3.87),8,13
/work/204458,(1998),by Joseph Finder,0,(3.69),3,1
/work/5521,(1975),by Natalie Babbitt,0,(3.93),9,15
/work/139769,(1996),by Louis Begley,1,(3.07),1,2
/work/128178,(1990),by Patrick McGrath,0,(3.8),1,1
/work/7358,(1999),by Janet Fitch,0,(3.88),15,3
/work/2478,,by Rebecca Wells,1,(3.58),9,4
/work/474533,(1989),by Dean Koontz,0,(3.52),1,1
/work/47942,(1997),by Michael Connelly,1,(3.89),2,8
/work/2258,(1839),by Charles Dickens,0,(3.93),17,8
/work/74173,(1902),by A. E. W. Mason,0,(3.71),10,1
/work/1120068,(2002),by Niki Caro (Director),0,(4.31),1,1
/work/8122463,(2002),"by Rob Minkoff (Director), Bruce Joel Rubin (Screenwriter)",1,(3.2),1,1
/work/870,,by Dave Barry,0,(3.61),8,3
/work/10158,(1955),by Graham Greene,0,(3.96),5,4
/work/6709096,,by Yoji Yamada,0,(3.63),1,1
/work/65216,(1999),by John Katzenbach,0,(3.91),1,1
/work/33692,(1994),by Magic Eye Inc.,1,(3.45),1,1
/work/126836,,"by Robin Budd (Director), J. M. Barrie, Donovan Cook (Director)",1,(3.75),1,1
/work/126315,(1974),by Patricia Highsmith,1,(3.77),5,1
/work/2222,(1990),by A.S. Byatt,0,(4.02),11,23
/work/676400,(1875),by José Maria Eça de Queirós,0,(4.02),6,4
/work/6685753,,by Yojiro Takita,0,(3.83),1,1
/work/11994162,(2012),"by Iris Johansen, Roy Johansen",1,(3.76),2,1
/work/104498,(1953),by Rosamond Lehmann,0,(3.54),3,3
/work/36386,(1983),by Joseph F. Girzone,1,(3.63),1,1
/work/5983,(1997),by Po Bronson,0,(3.62),1,1
/work/6504690,,by Guy Maddin,0,(3.33),1,1
/work/2516333,(1966),by Daniel Keyes,0,(4.12),15,13
/work/12286335,,by Charles Binamé (Director),0,,1,1
/work/24586136,,"by Emilio"" ""Boechat",0,,1,1
/work/30428,(1972),by James Kirkwood,0,(3.87),1,1
/work/15887737,,by Pavel Lungin,0,(2),1,1
/work/3864384,,by Javier Valdés,0,,1,1
/work/25224780,,by Koreckij D.A. Корецкий Д. А.,0,,1,1
/work/5403381,,by J. K. Rowling,1,(4.29),31,70
/work/3203347,(1954),by J. R. R. Tolkien,1,(4.37),143,7
/work/60130,(1963),by Pierre Boulle,1,(3.78),9,1
/work/122409,,by Amanda Brown,0,(3.16),1,1
/work/5797,(1999),by Thomas Harris,1,(3.37),15,4
/work/8345,(1999),by Mark Bowden,0,(4.19),5,7
/work/12415,,by Meg Cabot,1,(3.67),14,11
/work/761509,(1996),by Helen Fielding,1,(3.61),3,8
/work/121287,(1947),by Cornell Woolrich,0,(3.54),1,1
/work/3350327,,by James Patterson,1,(3.71),15,4
/work/13894153,,by Gary Fleder (Director),0,(3.39),1,1
/work/477016,,by Tom Savage,0,(3.65),9,1
/work/13428,,by Stephen King,0,(3.66),10,8
/work/10268,,by Beverly Donofrio,0,(3.59),1,2
/work/2668623,,"by Iain Softley, Charles Leavitt (Screenwriter)",0,(3.8),1,1
/work/3062,(1996),by John le Carré,0,(3.38),23,2
/work/21942352,,"by Kaja Blackley, Vanessa Chong (Illustrator)",0,,1,1
/work/227906,(1958),by Friedrich Dürrenmatt,0,(4.01),6,2
/work/704794,,by John Westermann,1,(3),1,1
/work/70789,,by Robert O’Connor,0,(3.73),1,1
/work/5686,(1998),by Laura Zigman,0,(3.21),1,1
/work/3049,(1993),by E. Annie Proulx,0,(3.86),19,17
/work/11436,,"by Peter Hyams (Director), Alexandre Dumas (Writer)",0,(3),4,1
/work/101904,(1998),by Sebastian Faulks,1,(3.53),1,3
/work/118222,(1996),by Donald E. Westlake,1,(3.96),2,1
/work/1805207,(1947),by Elisabeth Sanxay Holding,0,(3.83),5,1
/work/17994,(1996),by Graham Swift,0,(3.59),5,6
/work/114918,,by Charles Colson,0,(3.84),1,5
/work/14663281,,by Jimmy T. Murakami (Director),0,,1,1
/work/83865,(1994),by George Dawes Green,0,(3.58),2,1
/work/140751,(1994),by John Birmingham,1,(3.59),1,1
/work/1239366,,by Virgil A. Lewis,0,,1,1
/work/71632,(1946),by Pearl S. Buck,0,(3.88),1,2
/work/7135,(1991),by Bret Easton Ellis,0,(3.71),69,12
/work/10479,(1978),by Hubert Selby Jr.,0,(4.11),3,1
/work/5691177,(2003),by Koushun Takami,0,(4.11),49,1
/work/3825,(1997),by Sebastian Junger,0,(3.9),11,11
/work/5440,(1996),by Alex Garland,0,(3.77),15,5
/work/126806,(2000),"by Joel Coen (Director), Ethan Coen (Screenwriter)",0,(4.27),1,1
/work/16832352,,by Uli Edel,0,,1,1
/work/2110,(1995),by Nick Hornby,0,(3.92),39,8
/work/5716,(1999),by Joanne Harris,1,(3.81),12,6
/work/1246933,,"by Kevin Lima (Director), Kristen Buckley (Screenwriter), Bob Tzudiker (Screenwriter), Noni White (Screenwriter)",1,(3.2),1,1
/work/2505313,(2000),by Ang Lee (Director),0,(4.01),1,2
/work/3246096,(1982),by L. Ron Hubbard,0,(3.28),2,4
/work/1036800,,by Robert Redford (Director),0,(3.83),1,1
/work/13807163,(2000),"by Mimi Leder (Director), Leslie Dixon (Screenwriter)",0,(3.89),1,1
/work/3136,,by Billie Letts,0,(3.81),8,5
/work/6108,(1995),by Michael Chabon,0,(3.95),10,2
/work/2000888,,"by Gordon Parks (Director), John D.F. Black (Writer), Ernst Tidyman (Author)",0,(3),1,1
/work/3362923,,"by Chuck Russell, Thomas Rickman (Writer)",0,(2),1,1
/work/212540,,by Ted Lewis,1,(3.8),4,1
/work/12988802,,"by Claude Miller (Director), Michel Audiard (Screenwriter)",0,(3.5),1,1
/work/1906740,(1992),by Cormac McCarthy,1,(3.95),4,10
/work/6997434,(1997),by Jean-Christophe Grange,0,(3.8),3,2
/work/2377205,(1979),by Italo Tomassoni,1,(3.25),1,1
/work/11880,(1905),by Edith Wharton,0,(4.03),5,10
/work/156185,(1995),by Willie Morris,0,(3.9),1,1
/work/938714,,by Scott Spencer,0,(3.66),1,1
/work/4725,(1997),by Anita Shreve,0,(3.61),11,4
/work/245731,(1977),by Edward Bunker,0,(3.75),1,1
/work/16470831,,"by Michael Winterbottom, Frank Cottrell Boyce (Writer)",0,,1,1
/work/2245,(1904),by Henry James,0,(3.64),4,9
/work/23930849,,by Gérard Corbiau,0,,1,1
/work/2660222,,by Guy L. Bond,1,,1,1
/work/6156848,(1996),by Chuck Palahniuk,1,(4.08),5,7
/work/10237107,(1999),"by Stanley Kubrick (Director/Screenwriter), Frederic Raphael (Screenwriter)",0,(3.53),1,1
/work/29698,(1996),by Stephen King,1,(4.25),21,5
/work/81018,(1992),"by Nelson DeMille, Robert Ludlum",1,(3.74),4,2
/work/71377,(1955),by Patricia Highsmith,1,(3.92),5,20
/work/5466,(1959),by Shirley Jackson,0,(3.93),19,16
/work/5503,(1993),by Jeffrey Eugenides,0,(3.79),9,6
/work/8478,(1993),by Arturo Pérez-Reverte,0,(3.71),11,7
/work/4595,(1997),by Jeffery Deaver,1,(4),6,3
/work/6852,(1976),by Michael Crichton,0,(3.52),2,1
/work/4912,(1912),by Edgar Rice Burroughs,1,(3.74),15,9
/work/61256,(1968),by Ted Hughes,1,(3.79),1,5
/work/6295,(1945),by E. B. White,0,(3.81),6,4
/work/7863,(1985),by John Irving,0,(4.07),11,5
/work/38805,(1998),"by Homer H. Hickam, Jr.",1,(4.13),12,5
/work/5755,(1998),by Tom Perrotta,0,(3.75),1,2
/work/221816,(1973),by Richard Stark,1,(3.88),1,1
/work/9660215,(1999),by Katt Shea (Director),0,,1,1
/work/4105360,,by Isaac Asimov,0,(3.89),1,1
/work/4272,(1991),by Michael Shaara,0,(3.46),1,1
/work/7438,(1998),by Joe Connelly,0,(3.75),16,1
/work/253292,(1964),by Daniel F. Galouye,0,(3.82),1,1
/work/7960525,(1999),"by John Schultz (Director), Rob Thomas (Screenwriter)",0,(4),1,1
/work/2602545,(1936),"by Charles Bernard Nordhoff, James Norman Hall (Author)",0,(3.83),4,1
/work/5115,(1996),by Frank McCourt,1,(4),3,19
/work/4413,(1998),by Nicholas Sparks,0,(3.57),4,1
/work/4149919,(1999),"by Ang Lee (Director), Daniel Woodrell (Screenwriter)",0,(3.79),1,1
/work/13883130,(1999),"by Sydney Pollack (Director), Kurt Luedtke (Screenwriter)",0,(3),1,1
/work/453708,(1995),by Andrew Klavan,0,(3.63),9,3
/work/39695,,by Jayne Ann Krentz,0,(3.47),2,1
/work/7200,(1951),by Graham Greene,0,(3.96),5,10
/work/48710,,"by Paul J. McAuley (Editor), Kim Newman (Editor)",0,(3.33),1,1
/work/42338,(1986),by Mona Simpson,0,(3.49),6,6
/work/3585,(1994),by Steven Pinker,0,(3.98),8,4
/work/42505,,by Jacquelyn Mitchard,1,(3.48),8,3
/work/36276,(1993),by Mark Childress,0,(3.85),1,2
/work/80905,,by Peter Farrelly,0,(2.88),1,1
/work/301236,,by Jurek Becker,0,(3.98),1,5
/work/762139,,by Hiroshi Takashi,1,(3.67),1,1
/work/5903,(1995),by David Guterson,0,(3.75),16,11
/work/1617471,(1895),by Oscar Wilde,0,(3.94),11,1
/work/4335846,(1973),by Kurt Vonnegut,0,(3.99),39,7
/work/72485,(1995),by Cathleen Schine,0,(3.3),6,1
/work/545272,,"by Walter Lang (Director), Oscar Hammerstein II (Play), Margaret Landon (Original novel), Ernest Lehman (Screenwriter), Richard Rodgers (Play) — 1 more, Leon Shamroy (Cinematographer)",0,(4.41),2,1
/work/11753230,,by Zviane,0,,1,1
/work/3366,(1971),by Hunter S. Thompson,0,(4.06),4,5
/work/8361,(1962),by James Jones,1,(3.81),1,4
/work/2894670,(1987),by Alan Ryan,0,(3.97),1,1
/work/57532,(1978),by Richard Matheson,0,(3.81),5,1
/work/758836,,"by Alfred Hitchcock (Director), John L. Russell (Cinematographer), Joseph Stefano (Screenwriter)",1,(4.34),4,3
/work/74637,(1847),by Alexandre Dumas,1,(3.81),10,1
/work/37361,(1996),by Elmore Leonard,1,(3.66),3,4
/work/2055992,(1998),"by Harold Becker (Director), Lawrence Konner (Screenwriter), Mark Rosenthal (Screenwriter)",0,(3.58),1,1
/work/2182,(1987),by Toni Morrison,0,(3.9),11,55
/work/7554,(1861),by Charles Dickens,0,(3.89),10,26
/work/150141,,by Scott Smith,0,(3.85),3,4
/work/588453,(1994),by Alessandro Baricco,0,(3.91),1,3
/work/17543,(1987),by Michael Crichton,0,(3.56),7,3
/work/71718,(1987),by Stephen McCauley,0,(3.71),1,1
/work/420835,,by Christopher Bram,0,(3.94),8,3
/work/21631,(1995),by Nicholas Evans,0,(3.56),4,5
/work/6323,(1920),by Hugh Lofting,1,(3.69),26,2
/work/293362,,by Vera Chapman,1,(3.83),1,1
/work/45365,(1996),by Terry McMillan,0,(3.24),2,2
/work/7263,(1989),by John Irving,0,(4.25),14,18
/work/35497,(1996),by Joe Klein,0,(3.46),18,4
/work/35381,(1995),by Jonathan Harr,0,(3.9),7,7
/work/10485942,,"by Richard Linklater (Director/Screenwriter), Claude Stanush (Original book)",0,,1,1
/work/5308,(1992),by Esther Freud,0,(3.46),2,2
/work/5789484,(1994),by Anna Quindlen,0,(3.87),1,1
/work/38360,(1973),by Lois Duncan,1,(3.33),10,1
/work/913,(1955),by Vladimir Nabokov,0,(4.09),7,43
/work/24601,(1990),by James Ellroy,1,(4.1),9,7
/work/74493,(1990),by Andrew Neiderman,0,(2.98),1,1
/work/7802,(1959),by Robert A. Heinlein,0,(3.85),3,13
/work/83266,(1992),by Elmore Leonard,0,(3.67),4,1
/work/3252172,(1985),by Carl Sagan,0,(3.99),1,6
/work/12409,(1995),by Michael Crichton,1,(3.5),14,4
/work/861142,(1995),by John Grisham,0,(3.65),8,3
/work/781783,(1994),by James Patterson,1,(3.74),14,3
/work/4684,(1995),"by Douglas Preston, Lincoln Child",1,(3.87),34,4
/work/19121,,by David Brin,0,(3.73),1,7
/work/11400,(1997),"by Michael Caton-Jones (Director), Chuck Pfarrer (Screenwriter), Kenneth Ross (Screenwriter)",0,(3.25),1,1
/work/2210275,,"by Phillip Noyce (Director), Wesley Strick (Screenwriter)",0,(3.47),1,1
/work/2512722,(1993),by Howard Stern,0,(3.54),1,4
/work/2868747,(1994),by Rick Moody,0,(3.74),8,1
/work/19996,(1996),by David Baldacci,0,(3.76),19,4
/work/6181948,,by Jon Amiel,0,(3.21),1,1
/work/53693,(1989),by Russell Banks,0,(3.94),1,3
/work/73707,(1991),by Russell Banks,0,(3.99),6,5
/work/2856,(1992),by Peter Høeg,0,(3.74),1,13
/work/2310,,by Jane Smiley,0,(3.71),8,13
/work/27097,(1988),by Peter Carey,0,(3.77),55,13
/work/1085634,,,0,,1,1
/work/113265,,by F. Bordewijk,0,(3.92),1,1
/work/861081,(1989),by John Grisham,1,(3.83),11,4
/work/2225,(1597),by William Shakespeare,0,(3.72),17,11
/work/3968,(1896),by H. G. Wells,0,(3.63),7,9
/work/1495,(1988),by Roald Dahl,0,(4.26),9,25
/work/10289,(1992),by Olivia Goldsmith,0,(3.48),12,1
/work/7140,(1973),by J. G. Ballard,0,(3.47),6,7
/work/179644,(1993),by William Diehl,1,(3.97),8,1
/work/122301,(1956),by Dodie Smith,1,(4),5,3
/work/5138,(1961),by Roald Dahl,0,(3.96),11,8
/work/2941,(1992),by Michael Ondaatje,0,(3.9),9,16
/work/2971,(1831),by Victor Hugo,0,(3.92),13,13
/work/32221,(1993),by Carl Hiaasen,0,(3.64),5,1
/work/35834,(1984),by Stephen King,0,(3.42),10,1
/work/3031254,,"by Charles F Gieg, Felix Sutton",0,(3),1,1
/work/7078923,,by Sherrilyn Kenyon,1,(3.88),39,1
/work/539600,,by Peter Abrahams,0,(3.36),4,1
/work/4365,(1895),by Thomas Hardy,0,(3.87),11,14
/work/998865,(1996),"by Carroll Ballard (Director), William Lishman (Autobiography)",0,(4.12),1,1
/work/4517484,,by T. Frank Muir,1,(3.16),1,1
/work/6205,(1964),"by Louise Fitzhugh, Louise Fitzhugh",1,(4.07),11,9
/work/179763,(1995),by George Dawes Green,0,(3.56),11,1
/work/6224388,(1966),"by Penny Marshall (Director), Todd Graff (Screenwriter), Allan Scott (Screenwriter)",0,(3),1,1
/work/33943,(1883),by Carlo Collodi,0,(3.72),5,12
/work/35816,(1990),by Valerie Martin,0,(3.64),2,4
/work/5755348,,by Vince Flynn,1,(4.02),2,1
/work/861059,(1994),by John Grisham,0,(3.42),2,1
/work/42405,,by James Lee Burke,1,(3.84),10,1
/work/150146,(1992),by Rosellen Brown,0,(3.48),3,2
/work/816500,(1961),by Kurt Vonnegut,0,(4.1),26,3
/work/56091,,by Jack Higgins,0,(3.34),1,1
/work/7220,(1907),by Joseph Conrad,0,(3.63),10,10
/work/956583,,by Novalyne Price Ellis,0,(4.56),2,1
/work/45488,(1981),by Chris Van Allsburg,1,(4.18),13,15
/work/66235,,by Nicholas Pileggi,0,(3.84),3,1
/work/2228,(1811),by Jane Austen,0,(4.11),18,14
/work/27145,,by Jim Carroll,0,(3.86),1,1
/work/19030,(1992),"by Robert James Waller, Robert James Waller",1,(3.35),8,4
/work/734945,,by Mike Figgis,0,(3.45),3,1
/work/91550,(1992),by Joyce Maynard,0,(3.44),1,1
/work/19812,(1957),by John Wyndham,0,(3.79),5,6
/work/23070,(1990),by Elmore Leonard,1,(3.73),3,5
/work/174785,(1983),by Dick King-Smith,0,(3.94),1,11
/work/1474,(1905),by Frances Hodgson Burnett,0,(4.22),12,7
/work/61171,,by Ann M. Martin,1,(3.62),6,1
/work/11616,(1980),by Michael Crichton,0,(3.27),3,3
/work/35211,(1817),by Sir Walter Scott,1,(3.48),26,5
/work/58240,,by Haruki Murakami,0,(3.83),1,1
/work/43273,(1990),by Walter Mosley,1,(3.81),3,8
/work/6315,(1980),by Lynne Reid Banks,1,(3.73),4,12
/work/10440971,,by Patricia Briggs,1,(4.2),11,1
/work/2264,(1850),"by Nathaniel Hawthorne, Karin Jacobson (Editor)",0,(3.38),7,30
/work/38007,(1992),by Terry McMillan,1,(3.52),11,1
/work/17950,(1991),by Whitney Otto,0,(3.4),1,2
/work/7459,(1992),by Richard Price,0,(4.05),2,2
/work/283417,(1968),by Pete Dexter,0,(3.95),7,1
/work/2335,(1992),by A. S. Byatt,0,(3.56),4,1
/work/122681,(1989),by Rose Tremain,1,(3.79),9,3
/work/23445193,,by Anne Rooney,0,,1,1
/work/4315,,by Dean Koontz,0,(3.51),4,2
/work/93288,(1989),by Beryl Bainbridge,0,(3.66),3,1
/work/1187603,(2002),by Christopher Moore,0,(3.65),6,1
/work/691052,,by Seth J. Margolis,0,(3.64),3,1
/work/4954202,(2008),by Kathi Appelt,0,(3.96),4,10
/work/3580,(1951),by Truman Capote,0,(4.09),6,2
/work/402554,(1990),by Christine Bell,0,(3.55),1,1
/work/553751,,by Donald E. Westlake,0,(3.27),1,1
/work/38337,(1986),by Winston Groom,0,(3.43),20,2
/work/3437,(1976),by Anne Rice,1,(3.83),6,14
/work/155485,(1979),by Jim Harrison,0,(3.89),3,1
/work/8294,(1818),by Mary Shelley,0,(3.81),7,43
/work/40588,(1989),by Tom Clancy,1,(3.74),3,2
/work/35684,(1993),by Michael Crichton,0,(3.42),3,1
/work/861104,(1993),by John Grisham,0,(3.61),4,6
/work/9468398,(1894),by Rudyard Kipling,1,(3.82),42,5
/work/49213,(1967),by Samuel R. Delany,0,(3.31),2,4
/work/13894609,,by Michele Soavi,0,(4),1,1
/work/12978,(1985),"by Anne Rampling, Anne Rice",0,(3.25),3,1
/work/451393,,by Charles Sale,0,(3.67),1,1
/work/5859,(1993),by Richard Russo,0,(4.18),4,2
/work/2070235,(1960),by Louis-Ferdinand Céline,0,(3.78),1,1
/work/8640240,(2009),by N J Cooper,1,(3.2),3,1
/work/71700,,by T. C. Boyle,0,(3.68),13,1
/work/17516424,,by Kar Wai Wong,0,(2),1,1
/work/130138,,by John Muir,0,(4.37),1,1
/work/46639,(1981),by William Boyd,0,(3.7),5,3
/work/12359,(1990),by Michael Crichton,1,(3.92),15,18
/work/6093,(1991),by Peter Hedges,0,(4.12),1,1
/work/122450,(1987),by Anne Fine,0,(3.61),1,2
/work/861125,(1991),by John Grisham,0,(3.74),13,4
/work/1248447,,by Edwin Torres,0,(4.25),1,1
/work/574093,,by Adrian Lyne (Director),0,(3.5),1,1
/work/2237,(1920),by Edith Wharton,0,(4.02),18,22
/work/2770555,(1911),by Frances Hodgson Burnett,0,(4.14),10,14
/work/3035,(1989),by Kazuo Ishiguro,0,(4.19),17,20
/work/12152,(1974),by Piers Paul Read,0,(3.96),16,4
/work/147164,,by Ira Levin,0,(3.04),7,1
/work/861140,(1992),by John Grisham,0,(3.61),11,3
/work/4332132,,"by Brian Gibson, Kate Lanier (Screenwriter), Tina Turner",0,(4.3),2,1
/work/937792,(1993),by Ronald F. Maxwell (Director/Screenwriter),0,(3.96),1,1
/work/26563902,(1955),by Jack Finney,0,(4.01),1,1
/work/4647,(1982),by Isabel Allende,0,(4.08),12,23
/work/4652,(1989),by Amy Tan,0,(3.88),8,15
/work/18918,,by Michael Crichton,0,(3.35),2,1
/work/2668702,,"by Chen Kaige (Director), Bik-Wa Lei (Screenplay), Wei Lu (Screenplay)",0,(3.93),1,1
/work/151736,,by Fred Waitzkin,0,(3.76),2,1
/work/3093889,(1884),by Mark Twain,1,(3.9),3,39
/work/24425,(1989),by Stephen King,0,(3.55),5,2
/work/6519,(1976),by Tom Robbins,0,(3.68),5,2
/work/423978,(1981),by Robert Barnard,0,(3.25),1,1
/work/4143655,(1993),by Adam Simon,1,(1.5),1,1
/work/474242,,by Gerald Petievich,0,(4.5),1,1
/work/883,(1897),by Bram Stoker,0,(3.96),54,31
/work/4599771,(1826),"by James Fenimore Cooper, Edward A. Wilson (Illustrator)",1,(3.47),7,9
/work/6253701,,by Richard Burton (Translator),0,(3.9),1,4
/work/1012032,,"by Robert Redford (Director), Richard Friedenberg (Screenwriter), Norman Maclean (Story), Patrick Markey (Producer), Amalia Mato (Producer) — 1 more, Robert Redford (Producer)",0,(3.84),1,1
/work/598193,(1969),by Giovanni Arpino,0,(3.05),1,3
/work/829005,(1998),by Tom Clancy,1,(3.8),10,1
/work/615779,,by John Lutz,0,(3.33),5,1
/work/7715770,,"by Roman Polanski (Director/Screenwriter), John Brownjohn (Screenwriter)",0,(3.86),1,1
/work/123035,,by Michael Tolkin,0,(3.57),1,3
/work/13289751,(1992),"by Richard Attenborough (Director), Bryan Forbes (Screenwriter), William Goldman (Screenwriter)",0,(4),1,1
/work/71039,(1989),by Bryce Courtenay,1,(4.26),6,4
/work/137801,(1987),by H. F. Saint,0,(4.16),3,1
/work/997479,(1992),"by Brian Henson (Director), Jim Henson (Creator), Jerry Juhl (Screenwriter)",1,(4.23),1,1
/work/5379,(1928),by Virginia Woolf,0,(3.89),4,16
/work/865332,,by Geoff Murphy,0,(4),1,1
/work/3238818,(1989),by Laura Esquivel,1,(3.84),26,8
/work/2796936,,by Donald Bakeer,0,,1,1
/work/17028494,,by Michael Ritchie,0,(3.5),1,1
/work/240276,,by William Wharton,0,(4.13),1,2
/work/83428,(1989),by Oscar Hijuelos,1,(3.58),1,4
/work/25872,,by Dominique Lapierre,0,(3.99),3,4
/work/18372,(1983),by Graham Swift,0,(3.94),6,9
/work/4220836,(1950),"by Jules Dassin, Jo. Eisinger (Screenwriter)",0,(3.79),1,1
/work/85746,(1987),by Josephine Humphreys,0,(3.62),1,1
/work/6052,(1988),by Thomas Harris,1,(4.08),21,20
/work/799400,(1991),"by Steven Spielberg (Director), Jim V. Hart (Screenwriter), Malia Scotch Marmo (Screenwriter)",0,(3.72),2,1
/work/143921,,by John D. MacDonald,0,(3.5),22,2
/work/20034,(1987),by Fannie Flagg,1,(4.12),14,6
/work/53496,(1987),by Nancy Price,0,(3.54),3,1
/work/7177535,,"by Joe Johnston, Danny Bilson (Screenplay), Paul De Meo (Screenplay)",1,(3.46),1,1
/work/16702663,,by Randal Kleiser,0,,1,1
/work/5852,(1959),by William S. Burroughs,0,(3.52),8,12
/work/3186582,(1987),by Roddy Doyle,1,(3.8),6,3
/work/9257804,,by Michael Caton-Jones (Director),0,(3.25),1,1
/work/472806,,by William P. Kennedy,0,(4),1,1
/work/444613,(1990),by Kim Wozencraft,0,(3.5),1,1
/work/3031,(1986),by Pat Conroy,0,(4.1),3,5
/work/429487,(1969),by Richard Neely,0,(3.33),1,1
/work/4784,(1906),by Jack London,0,(3.88),3,3
/work/18040320,,by Joel Schumacher,0,,1,1
/work/46354,(1985),by Brian Moore,0,(3.74),2,2
/work/2024524,,by Emlyn Williams,0,(4),1,1
/work/229520,(1986),by Stephen Coonts,1,(3.76),1,1
/work/146757,,by Calder Willingham,0,(4.13),1,1
/work/16805345,,"by Sylvio Tabet, Don Coscarelli (Writer), Doug Miles (Writer), Andre Norton (Writer), Paul Pepperman (Writer) — 2 more, R. J. Robertson (Writer), Jim Wynorski (Writer)",1,,1,1
/work/2295527,,by Jere R. Hoar,0,(3),1,1
/work/166041,(1954),by Ira Levin,0,(3.79),7,5
/work/6601019,,"by Tammi Salzano, Heather Dakota",0,,1,1
/work/91254,(1965),by Peter Matthiessen,0,(3.91),2,2
/work/440982,(1957),by Chester Himes,1,(3.75),8,6
/work/4005881,(1985),by Nicholas Pileggi,0,(4.08),6,4
/work/2724,,by Stephen King,0,(3.97),6,13
/work/828677,(1984),by Tom Clancy,1,(4),20,6
/work/53434,,by Michael Blake,1,(3.96),3,5
/work/5689,(1973),by Oliver Sacks,0,(3.92),1,3
/work/1499550,,by Walter Wager,0,(3.5),2,1
/work/67730,(1990),by Barry Gifford,1,(3.67),2,1
/work/32144,,by Clive Barker,1,(3.71),13,1
/work/32042,(1987),by Scott Turow,1,(3.87),2,8
/work/318006,(1990),"by Joel Coen (Director/Screenwriter), Ethan Coen (Director/Screenwriter)",0,(3.81),1,1
/work/398745,,by Murray Leinster,1,(4),1,1
/work/10138,(1987),by Tom Wolfe,0,(3.82),6,18
/work/5401,,by Kate Saunders (Editor),0,(3.33),1,1
/work/5141861,(1990),"by Richard Benjamin (Director), June Roberts (Screenplay)",0,(3.9),1,1
/work/8043218,(1989),by George Miller (Director),1,(2.63),1,1
/work/759590,,by Jay Cronley,0,(4.33),1,1
/work/4818,(1989),by John le Carré,0,(3.61),14,1
/work/313078,,by Sarah Bird,0,(3.94),1,1
/work/70629,(1949),by Paul Bowles,0,(3.85),7,11
/work/269453,(1995),by Richard Stevenson,1,(3.81),2,1
/work/215622,(1973),by Brian W. Aldiss,1,(3.05),4,1
/work/959525,(1954),by Joseph Hayes,0,(3.27),1,2
/work/232219,,by William Harrison,0,(4.18),2,1
/work/309447,(1953),by Peter Viertel,0,(4.5),1,1
/work/800441,,by B. J. Hoff,1,(4.1),1,1
/work/2364894,(1964),by Jeff Brown,1,(3.78),5,1
/work/6249201,,by Odhams Press London,1,(5),1,1
/work/13207607,,by Jon Amiel,0,(4),1,1
/work/3946969,,"by Robert Kirkman, Charlie Adlard (Illustrator), Cliff Rathburn (Illustrator)",1,(3.95),12,1
/work/758840,(1989),by Danny DeVito,0,(3.71),1,1
/work/532486,,"by Gus Van Sant (Director), James Fogle (Book)",0,(4),1,1
/work/15028516,,by L C Chase,1,(3.74),2,1
/work/12716,(1997),"by Robert T. Kiyosaki, Sharon L. Lechter",0,(3.61),1,2
/work/1962301,,by John Godey,0,(3),1,1
/work/27399,(1979),by André Brink,0,(3.94),5,5
/work/27196,(1915),by D. H. Lawrence,1,(3.64),4,8
/work/56644,(1966),by Isaac Bashevis Singer,0,(3.91),1,4
/work/2097145,,by Tami Hoag,0,(2.96),1,1
/work/84298,(1985),by Carlos Fuentes,0,(3.5),4,2
/work/114559,(1985),by Bobbie Ann Mason,0,(3.61),2,2
/work/61977,(1989),by Dale Brown,1,(3.48),1,1
/work/652051,(1983),by Roderick Thorp,1,(3.26),1,1
/work/88169,(1981),by Gary K. Wolf,1,(3.45),1,1
/work/258186,(1967),by Akiyuki Nosaka,0,(3.9),1,1
/work/13752220,(1988),"by Garry Marshall (Director), Iris Rainer Dart (Author)",0,(4),1,1
/work/215367,(1911),by Bram Stoker,0,(2.68),1,1
/work/8493,(1955),by Nikos Kazantzakis,0,(4.01),1,4
/work/5068,(1984),by Milan Kundera,0,(4.01),13,21
/work/200476,(1785),"by Rudolf Erich Raspe, Rudolf Erich Raspe (Author)",0,(3.58),15,3
/work/960380,,by Michael Stewart,0,(3.64),1,1
/work/639309,,by Jay Cronley,0,(3.75),1,1
/work/10474,(1984),by Jay McInerney,0,(3.63),5,1
/work/3291149,,"by Fred Schepisi (Director), Robert Caswell (Screenwriter)",0,,1,1
/work/14272205,,by Ken Annakin (Director/Screenwriter),1,(3),1,1
/work/15499,(1938),by Agatha Christie,1,(3.63),13,1
/work/16462925,(1988),by Oliver Stone,0,(5),1,1
/work/60350,(1882),by F. Anstey,0,(3.83),1,1
/work/115961,(1974),by John Nichols,1,(4.14),7,1
/work/12286095,,by Erik Canuel,0,(3.5),1,1
/work/6916627,,by Ken Kolb,0,(3.5),1,1
/work/72473,(1986),by Sue Miller,0,(3.63),4,2
/work/626789,(1981),by Frank Deford,0,(3.92),10,1
/work/1575908,,by Björn Karlsson,0,(3.75),1,1
/work/8360,(1979),by Gustav Hasford,0,(4.28),1,1
/work/74700,(1984),by John Updike,1,(3.3),4,4
/work/280256,(1957),"by Eliot Ness, Oscar Fraley (Author)",0,(3.65),1,1
/work/109376,(1986),by Stephen King,0,(3.6),4,1
/work/7150,(1984),by J.G. Ballard,1,(3.94),12,9
/work/853268,(1987),"by Alan Parker (Director/Screenwriter), William Hjortsberg (Novel), Alan Parker",0,(3.65),1,1
/work/1069904,(1951),by Samuel Beckett,1,(4.14),1,5
/work/262536,(1946),by Kenneth Fearing,0,(3.73),7,3
/work/4398201,(2008),by Zoë Heller,0,(3.52),14,3
/work/11626,(1984),by Frederick Forsyth,0,(3.68),2,1
/work/37306,(1983),by William J. Kennedy,1,(3.82),2,9
/work/19172604,,by Curtis Hanson (Director),0,(3),1,1
/work/21963893,(2018),by Brad Peyton (Director),0,(3.5),1,1
/work/128346,(1984),by Norman Mailer,0,(3.16),1,1
/work/27396,(1984),by Mario Puzo,1,(3.62),3,2
/work/148140,(1982),by James Fox,0,(3.65),7,1
/work/55777,,by Jack Higgins,0,(3.54),4,1
/work/10184,(1985),by Sue Grafton,1,(3.57),24,2
/work/9611266,,by Filmation,0,,1,1
/work/7611025,(1985),"by Adrian Lyne, Sarah Kernochan (Screenwriter), Zalman King (Screenwriter)",0,(3.25),1,1
/work/3607419,(1986),"by Martin Scorsese (Director), Richard Price (Screenwriter)",0,(2.67),1,1
/work/1282743,(1978),by Paula Gosling,0,(3.68),1,2
/work/7931,(1980),by Paul Theroux,0,(3.7),3,5
/work/7992780,(1986),"by Ron Clements (Director), Burny Mattinson (Director), David Michener (Director), John Musker (Director)",1,(3.55),3,1
/work/3599321,(1980),by Jean M. Auel,1,(3.93),33,11
/work/154016,(1983),by Nora Ephron,0,(3.61),3,2
/work/2666128,,"by Gary Nelson (Director), H. Rider Haggard (Author), Gene Quintano (Screenwriter), Lee Reynolds (Writer)",0,(2.67),2,1
/work/24583,(1982),by Lawrence Block,1,(4.03),1,2
/work/564047,,by Ross Macdonald,0,(3.63),1,1
/work/19000,(1966),by James Clavell,1,(4.08),21,1
/work/12590608,(1986),by Jim Goddard (Director),0,,1,1
/work/11165386,(1985),"by Gus Van Sant (Director), Walt Curtis (Writer)",0,,1,1
/work/8100,(1940),by Richard Wright,0,(3.93),14,23
/work/7944698,,"by Ron Howard (Director), Tom Benedek (Screenwriter)",0,(3.5),1,1
/work/344580,,by Gerald Petievich,0,(3.8),4,1
/work/32163,(1974),by Gregory Mcdonald,1,(3.77),8,3
/work/701667,(1985),"by Richard Donner (Director), Tom Mankiewicz (Screenwriter)",0,(3.85),1,1
/work/5943,(1964),by Lloyd Alexander,1,(4.01),9,6
/work/773056,,by George Barr McCutcheon,0,(3.69),16,1
/work/12431960,,by Michael Cimino,0,(3.5),1,1
/work/60158,(1981),by Craig Harrison,0,(4.03),1,1
/work/7719176,(1985),by Paul Schrader (Director),0,(5),1,1
/work/55090,(1885),by Henry Rider Haggard,1,(3.63),11,10
/work/71011,(1964),by Jane Rule,0,(3.68),3,1
/work/59077,,by Bill Willingham,1,(4.13),36,1
/work/17511,(1988),by David Eddings,1,(3.77),19,2
/work/42361,(1978),by Susan Isaacs,1,(3.65),1,1
/work/189699,,by Elmore Leonard,0,(3.64),1,1
/work/323382,(1980),by Mordecai Richler,0,(3.76),29,1
/work/4041453,(1965),by Frank Herbert,1,(4.27),26,31
/work/1906664,,by Harry Grey,0,(3.45),1,1
/work/1174144,(1979),by Michael Ende,0,(4.15),18,9
/work/7132,,by Arthur C. Clarke,1,(3.6),17,3
/work/24193,(1980),by Stephen King,0,(3.64),6,6
/work/9151975,,by Taylor Hackford,0,(3.5),1,1
/work/149023,(1952),by Bernard Malamud,0,(3.65),8,2
/work/7724581,,by Francis Ford Coppola,0,(3.67),1,1
/work/63948,(1978),by William Wharton,0,(4.01),1,3
/work/5162,(1981),by John Irving,0,(3.86),12,2
/work/2156470,(1924),by E. M. Forster,0,(3.76),10,29
/work/18714538,,by Russell Mulcahy,0,(3.5),1,1
/work/791818,(1969),"by John Brunner, Lin Carter (Author)",1,(3.38),1,1
/work/7947,(1944),by W. Somerset Maugham,0,(4.08),8,5
/work/18046014,,"by Stuart Rosenberg, Vincent Patrick (Screenwriter)",0,(1),1,1
/work/313691,(2004),by Suzanne Brockmann,1,(3.9),4,2
/work/1036473,,"by Robert Kirkman, Charlie Adlard (Inker), Cliff Rathburn (Illustrator)",1,(4.01),15,1
/work/15179344,,by Stephen King,1,(3.94),10,4
/work/22993,(1967),by S. E. Hinton,0,(4.03),14,11
/work/1914870,(1983),"by Brian De Palma (Director), Oliver Stone (Screenwriter)",0,(3.86),1,1
/work/35808,(1983),by Stephen King,0,(3.54),12,3
/work/6608,(1966),by Jean Shepherd,0,(3.98),1,1
/work/2211231,(1983),by John Glen (Director),1,(3.25),1,1
/work/14345783,,"by Joe Alves (Director), Richard Matheson (Writer)",1,,1,1
/work/3185,(1981),by Stephen King,0,(3.44),10,6
/work/2934,(1979),by Stephen King,0,(3.79),15,6
/work/3397,(1963),by Ray Bradbury,1,(3.96),11,11
/work/42485,(1975),by Larry McMurtry,1,(3.88),8,2
/work/124717,(1975),by S. E. Hinton,0,(3.67),4,2
/work/32248,(1981),by F. Paul Wilson,1,(3.77),16,1
/work/43473,(1976),by Harold Robbins,0,(2.52),1,1
/work/38344,(1981),by Martin Cruz Smith,1,(3.88),8,8
/work/49653,(1972),by Robert Ludlum,0,(3.43),1,1
/work/14854278,,by Brian G. Hutton (Director),0,,1,1
/work/625707,(1944),by Magdalen King-Hall,0,(4.25),3,1
/work/6537467,,by Blue Oyster Cult,0,(3.75),1,1
/work/17050596,,"by Douglas Preston, Lincoln Child",1,(3.72),7,1
/work/429132,,by James McLendon,0,(3.8),1,1
/work/881,(1968),by Philip K. Dick,1,(3.95),22,13
/work/396898,(1972),by David Morrell,1,(3.89),10,1
/work/7326,(1979),by William Styron,0,(4.13),13,17
/work/13590299,,"by Sidney J. Furie (Director), Frank De Felitta (Writer)",0,(3.75),1,1
/work/3038018,(1982),by Don Coscarelli (Director),1,(3.88),1,1
/work/63766,,by Christopher J. Koch,0,(3.91),5,2
/work/38389,(1971),by Robert C. O'Brien,1,(4.18),7,16
/work/18689,(1977),by Craig Thomas,1,(3.59),1,1
/work/5144215,(2008),by Michael Connelly,1,(3.87),8,4
/work/5178,(1978),by John Irving,0,(4.08),15,18
/work/20998998,(1968),by Peter S. Beagle,1,(4.22),8,7
/work/30059,(1941),by Agatha Christie,1,(3.73),14,1
/work/23807110,,by Clive Cussler,1,(4.34),1,1
/work/426731,,by Peter Temple,1,(3.87),1,1
/work/12998150,(1982),"by Clint Eastwood (Director/Cast), Clancy Carlile (Screenwriter)",0,(1),1,1
/work/3648378,(1945),by John Steinbeck,1,(4.04),17,2
/work/70741,(1977),by Mary Higgins Clark,0,(3.65),5,2
/work/98813,,by Alan Colmes,0,(3.19),1,1
/work/137646,,by Tom Sullivan,0,(4.05),1,1
/work/16877095,,by Anne Piper,0,,1,1
/work/365004,,by Gary Brandner,1,(3.76),1,1
/work/43286,,by Ian Fleming,1,(3.46),1,1
/work/2573519,(1967),by Daniel P. Mannix,0,(4.17),1,2
/work/1562126,,by Julie Elizabeth Leto,0,(4),1,1
/work/12504,(1934),by James M. Cain,0,(3.72),7,12
/work/214526,(1911),by J.-H. Rosny aîné,1,(3.73),5,2
/work/9214710,,by Harold Becker (Director),0,(3.57),1,1
/work/101173,,by Alan Moorehead,0,(3.98),1,2
/work/60695,,by Whitley Strieber,0,(3.68),5,1
/work/23117,(1969),by Ursula K. Le Guin,1,(4.05),2,26
/work/12286134,,by Ivan Passer (Director),0,(3),1,1
/work/16902059,,by Nicholas Stoller (Director),0,(1.25),1,1
/work/257339,(1977),by John Gregory Dunne,0,(3.67),6,1
/work/90655,(1979),by Robin Cook,0,(3.26),1,1
/work/24873280,,,0,,1,1
/work/2554470,(2004),by Anne Tyler,0,(3.57),1,4
/work/6050,(1977),by Stephen King,1,(4.12),7,16
/work/885007,(1908),by H. de Vere Stacpoole,1,(3.73),1,1
/work/5867,(1976),by Judith Guest,0,(3.83),5,8
/work/1811968,(1980),by Jeannot Szwarc (Director),0,(4),1,1
/work/2661011,,by William Friedkin,0,(4),1,1
/work/18244,(1940),by Carson McCullers,0,(3.96),9,20
/work/433884,,by Paul Brodeur,0,(3.6),1,1
/work/12521801,,by Robert Ward,0,(5),1,1
/work/1131906,(2005),by Victoria Hislop,1,(3.76),8,3
/work/24444777,,by James Goldstone (Director),0,,1,1
/work/14784289,,by Becca Andre,1,(3.94),1,1
/work/303025,(1977),by Joseph Wambaugh,0,(3.7),1,1
/work/748566,,by Edward Gorman,1,(3.5),1,1
/work/10762830,(1979),"by Francis Ford Coppola (Director), Francis Ford Coppola (Screenwriter), John Milius (Screenwriter)",0,(4),1,4
/work/1362699,(1965),by Sol Yurick,0,(3.37),8,1
/work/62213,,by Ian Fleming,1,(3.55),5,1
/work/2374090,(1979),by Robert Benton (Director),0,(3.39),1,3
/work/1817318,,by J. Campbell Bruce,0,(3.37),5,1
/work/7189,(1891),by Thomas Hardy,0,(3.82),3,19
/work/4915,(1941),"by Walter Farley, Michel Faure, Robert Genin",1,(4.04),3,3
/work/3765930,,"by George Seaton (Director), Jerry Jameson (Director), David Lowell Rich (Director), Jack Smight (Director)",0,,1,1
/work/10740649,(2011),by S. J. PARRIS,1,(3.77),20,1
/work/10187,(1978),by Sidney Sheldon,0,(3.56),1,1
/work/17833941,,by J. P. Bowie,1,(3.5),1,1
/work/92653,(1978),by Graham Greene,0,(3.86),2,4
/work/2970534,(1894),by Anthony Hope,1,(3.74),17,5
/work/4607155,,"by Don Siegel (Director), Daniel Mainwaring (Screenwriter)",0,(3.77),1,1
/work/29995,,by Agatha Christie,1,(3.92),17,3
/work/20410,(1900),by L. Frank Baum,1,(3.87),22,14
/work/4809,(1975),by Michael Crichton,0,(3.76),5,2
/work/15930328,,by Ulu Grosbard (Director),0,,1,1
/work/15774456,,"by Steve Rash (Director), Robert Gittler (Screenwriter)",0,(4.17),1,1
/work/25267351,,by William Friedkin (Director),0,,1,1
/work/558221,,by Roger L. Simon,1,(3.5),1,2
/work/151679,(1963),by James A. Michener,0,(3.68),1,2
/work/38539,,"by Ian Fleming, Vivienne Michel (Author)",1,(3.09),5,1
/work/11744,,by Cornelius Ryan,0,(4.14),8,2
/work/22341293,,"by Rivers Solomon, Daveed Diggs, William Hutson, Jonathan Snipes",0,(3.84),2,10
/work/308736,(1959),by Margery Sharp,1,(3.88),4,2
/work/1002505,(1950),by Georges Arnaud,0,(4.02),1,1
/work/2308923,,by Lillian Hellman,0,(3),1,1
/work/12286130,,"by Sam Peckinpah (Director), Julius J. Epstein (Screenwriter)",0,(3.43),1,1
/work/299323,(1974),by William Goldman,1,(3.84),1,1
/work/27188,(1963),by Walter Tevis,0,(3.83),2,1
/work/4055967,(1941),by F. Scott Fitzgerald,0,(3.45),5,1
/work/24251,(1974),by Peter Benchley,1,(3.61),4,2
/work/2122,(1962),by Ken Kesey,0,(4.16),31,21
/work/113803,(1844),by William Makepeace Thackeray,0,(3.55),1,3
/work/69475,(1967),by Joan Lindsay,1,(3.76),10,1
/work/4807,(1972),by Trevanian,1,(3.69),1,2
/work/429502,(1974),by James Grady,1,(3.79),1,2
/work/8387386,(1888),by Rudyard Kipling,0,(3.47),2,1
/work/9784168,,by Joel Bauer,0,(4),1,1
/work/690192,,"by Mel Brooks (Director/Screenwriter), Gene Wilder (Screenwriter)",0,(4.35),1,2
/work/4808,(1969),by Mario Puzo,1,(4.18),25,12
/work/108681,(1965),by Ian Fleming,1,(3.27),17,1
/work/53549,,by Richard Martin Stern,0,(3.12),1,1
/work/38484,(1971),by William Peter Blatty,1,(3.9),6,13
/work/9652813,,"by Robin Hardy (Director), Anthony Shaffer (Screenplay), Anthony Shaffer (Screenwriter)",0,(4.18),1,1
/work/43311,(1954),by Ian Fleming,1,(3.43),7,1
/work/48796,(1966),by Harry Harrison,0,(3.61),4,5
/work/15087,(1953),by Raymond Chandler,1,(4.16),13,14
/work/1155053,(1994),by Kathleen Weidner Zoehfeld,1,(3.94),1,1
/work/8867056,(1972),"by Sam Peckinpah (Director), Walter Hill (Screenwriter)",0,(3.33),1,1
/work/69712,(1970),by James Dickey,0,(3.9),4,13
/work/619306,(1969),by Paul Gallico,0,(3.46),1,1
/work/815789,(1972),by Alfred Hitchcock,0,(3.43),1,1
/work/1473,(1962),by Anthony Burgess,0,(4),11,35
/work/43275,,by Ian Fleming,1,(3.44),10,1
/work/72810,,by Larry McMurtry,1,(3.91),16,2
/work/6194434,,"by William Friedkin (Director), Ernest Tidyman (Screenwriter)",0,(3.88),1,6
/work/581375,(1961),by Kenneth Cook,0,(4.06),1,1
/work/8442,(1939),by Dalton Trumbo,0,(4.17),8,3
/work/39891,(1968),"by Richard Hooker, Richard Hooker",1,(3.81),8,1
/work/42295,(1970),by Erich Segal,1,(3.36),5,7
/work/69661,,by Arthur Hailey,0,(3.55),11,3
/work/2071405,(1964),"by Thomas Berger, Thomas Berger",1,(4.15),1,5
/work/704980,(1970),by Michael Avallone,1,(3.19),1,1
/work/4751228,(1970),by Bernardo Bertolucci (Director),0,(3.8),1,1
